{
    "data": {
        "scale": 0.007845180109143257,
        "min": 0,
        "max": 0,
        "offset": 0
    },
    "conv1": {
        "scale": 0.013724617660045624,
        "min": 0,
        "max": 0,
        "offset": 0
    },
    "pool1": {
        "scale": 0.013724617660045624,
        "min": 0,
        "max": 0,
        "offset": 0
    },
    "conv2": {
        "scale": 0.06707432866096497,
        "min": 0,
        "max": 0,
        "offset": 0
    },
    "pool2": {
        "scale": 0.06707432866096497,
        "min": 0,
        "max": 0,
        "offset": 0
    },
    "ip1": {
        "scale": 0.056054290384054184,
        "min": 0,
        "max": 0,
        "offset": 0
    },
    "relu1": {
        "scale": 0.05615147948265076,
        "min": 0,
        "max": 0,
        "offset": 0
    },
    "ip2": {
        "scale": 0.14163702726364136,
        "min": 0,
        "max": 0,
        "offset": 0
    },
    "prob": {
        "scale": 0.008316037245094776,
        "min": 0,
        "max": 0,
        "offset": 0
    }
}